ID,cc_cons
17591,12055.93
13541,38614.85
13431,15234.22
8687,11369.68
14727,12528.69
14988,20778.32
14859,13095.43
16636,32191.11
7625,11962.54
16492,16020.05
13674,23943.33
11981,19006.72
5185,32034.47
15288,11092.9
18526,25300.04
16760,18481.33
10805,109018.52
8830,18588.45
8926,19538.06
10974,81959.63
2155,12634.78
17251,10605.3
12154,39737.64
12227,44243.57
19961,20119.69
13866,13826.07
17498,19706.77
7241,12334.5
414,29515.71
206,28346.8
7420,29997.84
4601,10788.77
2768,14634.69
8120,26142.59
18584,18216.63
16697,59138.73
16238,37946.48
3772,23788.85
3462,48674.46
710,22526.04
558,10304.2
1244,17912.05
1302,20506.6
547,13016.86
19129,18679.24
237,32248.88
11122,12797.79
4438,10578.15
18371,10867.61
6401,20869.62
13770,98273.62
18317,29869.6
19226,22420.14
4126,51532.43
11313,15233.73
3925,10028.09
15973,9975.0
12281,44283.07
353,33749.55
907,10246.36
1711,15671.31
9617,23727.77
12928,49365.38
3523,36210.18
18838,10243.26
17609,11356.46
306,14921.61
14812,10794.15
1551,13116.28
16640,31616.8
13546,13106.45
4968,124343.72
13371,17692.8
3981,49490.8
11568,55330.11218133319
5662,26004.99
19586,14643.39
14489,40499.25
14153,15708.68
7626,13405.98
3085,43819.67
14821,43448.54
9815,11180.78
6506,14721.34
6176,12879.32
13040,9721.0
1325,19923.64
330,49822.9
2389,12491.92
10391,11140.67
1019,17631.41
4338,21987.9
19849,59647.43
13667,48909.93
12709,20804.71
12701,30964.6
18563,14170.28
19665,39198.28
5251,25245.33
6671,18335.67
15887,23700.44
544,22552.67
13494,10843.8
4304,59860.23
12181,18348.37
15041,43332.46
14167,23096.23
4659,44211.21
1820,56874.04
6317,23952.71
313,21224.15
12467,12163.75
13452,34161.78
3464,9882.86
4890,15168.97
11567,26297.01
17396,19172.55
13188,11929.5
15605,17849.65
7577,13064.05
8160,16871.5
1429,9594.16
14928,38608.78
3349,21509.08
799,13890.9
12678,20118.63
19053,25725.22
15806,33597.11
2854,11447.73
4144,25954.57
16232,23972.51
10365,43950.31
4202,20274.92
9671,21173.11
6615,9842.03
12050,29073.97
13998,18473.44
7406,12348.03
12497,10324.82
4662,11167.95
3661,10057.14
17436,44440.9
2332,12539.98
16771,35109.5
17110,85767.38
15967,10807.45
5758,15896.87
2882,10774.39
10774,48560.31
7750,26257.6
16516,19748.33
3670,11970.05
15883,29832.83
2947,14843.26
13476,15832.59
13301,32237.62
6468,17665.19
15135,9578.96
16278,22714.77
12114,15554.97
3839,27288.18
2886,14473.99
11928,11430.5
15155,15724.11
4316,23813.35
7299,35241.69
1306,11357.48
19221,32453.89
7039,12189.22
11499,10297.56
1312,11572.45
2124,17058.57
1907,21573.75
16979,19412.08
6629,12952.84
5295,23659.57
11961,10897.26
11653,26050.05
2822,14036.16
9335,21417.31
742,10334.33
8080,18563.64
12707,11234.82
3559,12056.99
4455,81969.23
16907,10606.84
6453,61447.54
1108,14654.86
280,13019.84
16566,9760.19
17535,15977.14
15464,10210.82
936,12080.65
17214,15133.49
6182,40631.23
14305,26237.61
11840,14937.23
7534,12140.65
3025,47118.04
6393,21864.9
13441,21485.53
18252,12330.16
11194,14766.66
15711,27522.55
5219,13529.16
16914,82588.99
10003,28220.03
12338,81901.52
3813,18363.87
15088,59809.64
10155,110398.51
1466,15854.63
15472,18527.27
17157,35868.73
18166,26316.75
15940,14920.79
16627,15522.51
10125,26298.1
16485,12201.35
683,59443.73
6119,32552.71
4454,124292.37
9712,12665.42
4120,12692.09
15722,21399.71
6352,22533.81
17883,10533.93
18204,18174.6
9971,10469.2
9023,30453.69
13472,10165.66
18393,16528.89
1916,16026.09
2114,13755.15
15098,15937.17
16002,36893.73
14466,29627.1
5230,9578.82
7591,10755.25
11578,11028.0
3258,36048.47
12283,10940.86
17355,23926.35
6557,22096.88
1523,13184.99
579,11802.57
11196,28083.39
4925,23942.45
10260,31777.78
16414,14989.17
9575,22414.75
4517,23054.33
5120,14292.22
624,17296.12
19457,40612.68
18888,15467.46
2356,32410.82
4545,29994.27
18014,12085.21
13964,50323.03
6774,48514.38
12210,13421.41
7735,12796.74
12253,81965.7
968,11459.67
19474,10364.11
10090,48294.27
9695,17393.66
6057,29090.27
11620,13703.72
19105,19712.29
18161,32915.46
16983,17921.82
16846,15321.25
12641,17137.87
12194,10328.42
3182,13505.73
697,16594.19
16666,15490.8
10809,15120.24
16899,21246.53
1473,39095.18
11504,13524.72
7004,15080.34
12782,15283.37
3142,20613.67
15486,10662.96
10817,9967.31
755,10297.5
3527,124350.15
18375,48980.5
1146,16605.67
3290,15001.44
5630,48339.1
13114,14495.84
17944,18820.14
6621,21404.46
8012,10677.8
5782,84974.17
2840,23114.7
4245,28362.02
14833,11020.65
3884,19211.17
9209,17484.79
17550,15845.98
1191,17622.67
16498,54624.05867466644
11748,11318.46
16053,119030.69
18527,20382.3
11548,29646.81
11074,26251.17
9104,11445.46
8083,12593.86
11425,16813.21
3247,12878.28
7233,17646.62
13650,52040.25
11762,31466.27
9216,15881.07
2398,25235.83
7321,12597.34
19222,18600.73
9225,13880.03
18451,16717.86
2529,59994.23
8266,32404.73
15901,13685.61
9070,23955.74
15808,35603.06
12019,27380.12
19750,14705.83
2532,17094.86
5234,49171.39
10409,10845.3
12698,18457.5
15412,17011.25
19217,26610.56
19907,20860.3
833,25268.34
17121,14418.05
1966,59511.06
7703,11693.14
520,19453.91
3739,15529.0
18300,49396.43
9834,31955.74
1992,25911.68
16462,13549.0
14735,19834.12
9481,33761.24
6989,29070.35
19741,30798.78
5767,31780.74
17583,15629.23
930,10911.4
1774,17446.25
13003,12675.91
1780,17586.04
5582,25011.69
19569,14640.5
3723,10181.78
3866,10962.32
7168,14922.23
19793,10158.51
5951,51864.27459733331
5641,31693.06
6583,11363.63
18998,16623.27
8236,27755.49
19610,28997.16
5238,11287.18
5335,26857.27
19316,14416.72
9585,12035.71
14363,107274.34
6578,14491.59
15395,28651.9
1819,15202.46
18381,12386.14
3880,17925.83
9098,13250.43
17890,21896.14
7861,17627.52
5490,49580.6
12309,20395.68
1833,59857.3
17881,124285.66
13165,124296.48
8610,106665.2
13363,14811.07
4975,44376.85
12351,18332.18
273,28078.09
8975,37552.66
18951,23021.54
15165,21831.23
5178,16211.52
6044,24888.45
19386,17338.8
1635,26221.11
2814,14192.73
6974,16264.15
18536,27809.03
11636,13215.06
7414,59543.75
11880,12272.15
15503,21484.5
983,11851.33
18110,18300.3
7084,43920.42
14005,17895.73
19111,18649.94
18532,59827.45
18394,43540.75
10851,27446.82
4544,12384.83
6236,15573.81
15497,30469.94
19864,12217.29
15670,12728.44
8118,13146.41
7289,33079.12
13788,10369.69
5588,15764.78
5110,12414.13
10620,25236.1
1156,13315.26
18398,13082.89
7134,12877.61
7676,29593.84
9409,17991.14
17713,30004.42
3435,43838.69
14394,48785.56
117,16793.55
18541,100915.3
17575,14506.31
8351,16694.74
7216,59331.09
8736,11988.07
1989,14393.66
19666,15452.96
3908,13731.66
14375,11127.19
7794,13652.67
7232,38442.31
2836,28088.95
15954,12677.6
3354,19369.05
3368,11279.39
9219,124189.45
8658,13329.88
3809,19073.09
5129,16514.34
4874,20152.3
8758,24952.38
16293,27502.14
8150,25942.41
4272,49138.18
15938,15779.7
9893,60005.31
1299,21953.26
7239,47831.21
8253,81898.58
19340,19045.53
18530,20419.09
14903,23819.2
14454,124356.87
12353,13165.34
14431,18814.28
17602,16272.49
15036,11357.13
8921,18968.8
11059,15472.49
18577,10713.06
14565,19277.32
4955,17264.87
3535,13586.65
2024,59756.97
17666,12922.98
6295,12133.17
7085,15054.75
1389,19870.23
3659,10176.0
15509,12160.69
16938,34390.68
15432,12997.27
12074,15816.8
15777,12173.36
19953,12461.66
1709,13827.66
10048,11195.34
11839,12318.93
701,14435.06
7271,23422.76
10196,28088.36
2901,29070.44
198,9840.41
3877,14596.14
15160,29087.64
17634,12828.85
16927,9686.46
15162,34566.68
8443,11150.14
1716,13185.89
7870,10431.65
4318,16547.68
11351,20363.0
15465,20283.17
18121,31370.82
6602,10987.66
4331,17597.52
6592,13175.53
18955,38500.12
2510,23013.88
4009,23049.09
15468,9637.97
7251,11834.29
7463,12547.15
16325,23982.52
14882,26041.92
3610,21569.63
19097,11318.38
9378,19967.01
16582,32435.65
16761,36104.92
12055,50095.68
1226,13486.24
7344,12242.59
16365,32007.04
223,22434.59
15934,38937.41
11882,10181.39
7083,81947.01
14196,10351.98
1599,22565.69
5976,33624.33
5611,15830.47
12565,34179.55
1339,30441.7
16772,13405.43
11827,19035.32
18484,40433.45
3033,15013.88
14726,15136.74
13696,14771.33
16295,28752.29
7910,27611.86
1868,22984.82
3190,56970.58
549,26752.99
8940,13436.42
214,10626.47
3587,11226.83
11555,34050.49
19231,18455.46
8248,16553.94
355,10201.26
15634,18452.62
6746,21601.12
2963,32230.11
2082,22669.64
16784,12202.37
10436,28703.07
5114,13530.07
14525,26219.56
4534,27334.96
8877,14570.91
12117,26032.46
2682,59399.58
7948,10915.69
112,43549.68
2220,13559.97
606,59485.92
11552,19050.1
942,12614.95
555,23027.99
3394,39142.07
7916,11794.75
13261,16871.94
9592,82311.19
5694,38216.93
7570,28342.18
15543,12203.6
5834,10605.08
3362,15297.91
5741,16736.18
11060,124358.14
24,14905.48
14942,24509.95
8277,124312.45
4596,15577.74
396,10344.65
3213,17541.86
14447,58622.17
14106,19632.18
5940,20498.26
19543,23074.9
10215,52117.8245973333
16348,10268.76
2111,14913.44
7973,14064.83
1175,10897.55
1796,56950.86
7425,11119.3
13183,19581.84
471,14415.58
17683,13828.76
4770,27960.17
10199,11564.38
9601,20060.25
19986,12845.5
10411,11901.3
10682,30958.64
12224,22033.95
8319,14358.88
4618,12782.65
7976,36196.16
4340,35598.08
10852,12051.98
4810,23399.47
5049,21195.28
16928,13805.28
4504,12862.5
4327,39069.92
13368,24843.67
5657,24956.52
1007,59407.09
10792,9815.21
18373,27867.98
12313,13216.38
8295,22751.87
15707,11244.3
5504,25170.92
11441,12388.78
10964,48278.48
10850,12528.97
17775,11234.72
17588,54617.18867466645
14495,27429.07
5522,11046.66
14724,38283.61
3653,38196.2
1588,35736.03
7587,13750.83
2381,13201.67
2879,17624.15
11660,59791.4
11681,81936.76
6929,25687.58
17457,29673.51
10894,15051.11
4822,43913.66
1647,29618.87
15006,10638.23
19487,30649.87
12585,51390.01
17909,17267.54
7793,17095.88
4997,22388.2
4763,11992.59
11444,26781.33
1627,17365.2
10371,19822.63
18564,16788.8
4093,12618.77
6978,33766.37
12945,17231.29
3539,20030.21
10628,12314.73
11767,13162.89
13601,23646.15
2245,17329.16
14887,13293.57
4278,12035.99
9950,21989.4
3204,18585.19
16690,14840.0
2416,17960.47
19947,34905.27
17029,29551.6
14802,16492.22
4571,25964.45
2165,10201.66
14756,12051.33
17443,15103.62
12952,39445.18
16486,21142.46
3597,10074.97
1319,14476.41
2645,15509.98
18246,12440.81
17179,9904.57
8259,28674.98
2410,17011.28
16128,15322.31
2694,21891.38
6076,124311.19
11899,13073.6
16987,35594.32
18023,18234.51
3774,17796.83
6848,51338.63
8283,49048.15
18868,13205.95
16132,23982.89
9358,23630.08
10515,15699.91
536,17626.46
2533,11792.33
8756,11153.91
8468,13695.07
19165,36690.93
2818,60017.77
15919,19928.81
12633,17740.33
9901,9882.25
3422,12842.47
17028,14953.1
16513,36696.13
8666,14058.23
13659,21121.31
19319,38599.24
5897,12529.42
13079,39786.34
4884,98117.95
11678,13149.38
3708,10011.46
17810,11754.15
12258,12518.1
11047,10756.02
6014,17214.26
516,54624.05867466644
13560,26183.89
17168,39771.5
18286,11199.56
2058,25249.64
2542,29001.73
19016,43435.08
7302,11901.82
19732,81994.05
12284,17320.52
6820,15261.17
17953,28345.15
17263,59867.27
4713,33776.13
12816,9561.62
13464,16895.73
1223,15695.29
13706,81938.75
9512,33095.25
14862,16845.76
12056,32025.11
3783,24955.55
4793,20221.33
4205,57131.9
8823,13825.3
14191,21227.44
15643,39977.27
9554,30477.58
12239,20157.53
2786,33492.33
15274,18364.18
537,14456.86
13445,16602.57
2634,48717.58
17840,17957.42
12118,31173.64
12312,10305.65
2052,30655.9
6709,10790.74
16546,11243.77
12124,59548.81
923,12666.04
4148,11967.19
7264,124321.63
15214,44300.34
18504,13138.33
9475,14612.39
12432,28906.66
18524,12703.7
18255,10138.29
8654,81988.63
5876,59459.25
4055,15325.01
3906,18496.03
4875,10933.25
1773,13775.47
5520,30982.75
14021,25668.61
2216,21384.32
16529,12797.73
18553,49835.22
18753,28957.4
5548,21978.96
9435,124342.59
17907,124304.86
2808,16464.51
11816,15942.25
9060,21124.51
5775,23010.47
17694,39132.16
3976,10141.28
17781,10338.04
8893,12928.87
5116,9711.72
13033,51607.65
17649,31082.34
16358,22401.98
17172,10926.15
3140,15950.7
19312,11852.54
1188,15558.68
13244,12616.15
2458,11072.35
17483,39098.4
14793,17073.67
2279,19171.79
7675,12572.05
7409,11758.96
19974,51835.36
15518,11550.25
15473,18349.59
16214,59811.91
17398,33510.31
1391,13547.37
18026,32985.05
16381,16632.89
5905,81981.9
18424,10152.76
16578,17231.36
2315,24763.82
3303,22736.85
5633,17246.88
14610,21779.7
4749,43525.84
12238,59869.26
16125,15894.89
1374,54754.07275199964
17058,12054.85
16495,55157.729866665715
16340,82010.45
13974,12307.81
16180,15628.66
19733,21881.89
10112,20411.23
16557,16132.32
12028,22546.78
18047,59636.02
12496,20831.77
11661,12596.93
12783,20708.33
7065,24604.93
19005,44114.85
15781,20283.31
13208,17508.03
14926,11794.91
19730,38456.96
19067,34549.43
321,40224.31
19587,15355.12
1721,10677.75
5511,17011.22
8899,81905.74
17717,15133.94
897,17281.83
14045,12913.27
1404,12422.1
8999,10270.37
8036,40604.28
9388,16515.72
1180,11643.62
8958,27850.14
6065,15332.16
9479,40589.8
5873,21005.11
8796,20879.69
8601,33763.31
18825,25061.8
5933,11357.46
6462,13818.74
16286,25116.77
14994,11866.96
15364,15498.1
9427,29094.68
8115,17329.75
15421,15425.52
11865,26245.1
13162,12878.32
8185,10466.63
18432,13278.91
6564,30602.76
17979,15722.13
14379,27484.21
1158,19875.38
8493,14643.94
7967,13239.34
8761,14505.29
5813,15101.57
6104,31653.19
3469,56959.94
16073,14817.23
11942,55334.67218133322
12303,81972.95
8607,10409.5
19370,16244.8
11871,11889.59
10737,26636.57
782,11685.84
14214,20745.78
14248,19354.1
17,124286.0
1358,17018.51
2858,17178.78
6727,33754.81
18860,10196.79
12474,34735.88
13172,59896.49
11993,20873.83
9841,20862.1
18116,116037.83
7050,18107.1
849,9955.38
9622,12247.91
13661,16664.53
8308,104556.64
5053,38589.46
732,103599.86
13818,22546.21
17792,16553.23
3602,56926.5
16332,59567.29
16785,11432.27
7752,30776.43
12761,24473.13
12475,30616.53
5724,26717.34
3924,10344.71
16200,14914.51
14987,21513.48
3923,34183.48
5468,14499.91
6386,10805.16
10497,28342.32
4901,11889.49
1410,11549.6
1957,18119.49
1159,36761.1
12822,21379.55
15586,18260.24
16948,15795.25
15156,18017.46
15582,17321.44
4754,21504.06
15571,124369.98
3898,14554.26
19171,12518.29
13211,29589.45
943,23799.26
16015,10632.29
5706,25267.86
8059,124342.01
7404,19464.41
15613,10640.3
4797,11803.43
619,24251.82
15075,124327.79
6951,21569.31
9505,38883.07
9471,21975.12
16889,15867.61
6251,11319.31
10677,44660.95
4287,15336.01
4317,11298.64
6195,26678.26
19473,24811.76
5682,18812.04
9687,15836.69
18261,18820.57
16860,16037.44
9249,81966.69
18523,11155.87
7325,43464.2
6844,12492.36
6549,18931.86
11540,17504.37
19906,14786.22
7586,33789.84
11119,16382.33
7018,54624.05867466644
16966,11859.51
11528,13895.0
13920,24966.41
8420,10578.44
9751,24455.6
13013,29602.1
17787,28366.37
9699,38866.9
8149,38394.16
18519,28341.74
10369,18521.72
19200,12016.88
17917,15348.62
7400,17419.42
17218,16177.86
17488,16878.95
7069,11544.45
6049,21891.17
2343,10705.9
159,10081.48
568,48968.33
14913,12798.06
6902,49003.76
374,20772.5
15207,14698.01
15291,10244.06
18535,16442.19
19593,29846.58
9270,21629.14
2335,29259.37
1701,16725.73
14703,34175.15
1083,24083.56
11843,13352.3
16175,24796.08
16971,11192.4
19680,81991.72
11522,37431.34
14250,48275.09
9786,24790.59
5886,12307.94
18598,81983.84
19194,10344.7
17798,28697.87
7941,17842.52
12639,21426.97
16805,9735.3
3225,15109.19
10870,21177.77
5562,11372.33
15204,9875.32
15020,27962.8
1970,55334.10218133321
4349,59508.92
13870,22422.65
15455,9901.28
11727,13703.39
18604,29550.55
7373,11139.52
2310,23804.49
9764,30006.1
7747,10081.67
6520,59572.01
7697,23113.52
15573,13504.54
19192,18868.13
17984,32262.48
14285,29726.31
2908,51335.4
12662,22893.64
2671,21834.47
8526,15900.67
2787,56764.67729866665
10472,12513.6
7305,124322.9
1756,30002.74
4850,25473.1
19399,25270.58
15163,19061.09
5285,16952.64
5430,15981.91
9400,10929.77
19679,20871.56
5606,9686.77
18671,39662.05
18548,28200.15
9459,124218.07
4881,39755.81
17929,10950.79
18640,44106.72
3831,12648.61
6063,35835.33
8663,10303.42
1201,44394.47
8935,20877.13
19612,32432.29
12208,59687.02
11421,11123.22
18659,22117.82
12027,33766.15
8460,27273.03
1549,15188.76
14354,13095.68
18127,81937.89
18582,37867.92
15964,15449.18
16184,18224.7
15115,10298.54
11431,43729.58
14205,17214.21
17888,26917.54
19384,15819.29
13780,17191.16
8196,12119.04
11174,32033.69
8470,23097.58
19975,17002.97
11270,21499.66
9365,17856.38
3421,19924.05
8140,33759.09
18211,9997.47
4722,17128.23
10017,33100.76
15132,33588.09
6901,17474.2
5691,14088.52
5573,40163.68
7435,11892.27
12152,10298.83
7341,26096.36
18994,19654.97
14584,14586.97
8809,30479.08
580,25869.76
6747,13016.35
14369,33060.1
10555,43741.11
6115,9907.91
14575,13585.9
18533,107523.87
19227,12637.07
746,25957.75
3022,12205.16
12628,11125.6
9754,18002.92
10054,48784.57
8368,13084.77
3812,35294.7
2453,11671.85
5232,26040.89
19645,15800.79
6028,12451.8
4332,12820.48
17532,24971.4
6678,115501.98
19505,13182.29
14775,58890.1
18952,20835.41
14218,39034.1
6001,13045.43
13700,11834.92
1453,14232.72
6235,21541.47
7071,15446.68
19984,36261.37
17924,32957.49
12845,10476.44
4628,17633.37
945,22016.44
14157,19305.37
13618,28352.86
16658,10896.68
5300,49828.85
12449,12306.37
13783,16739.71
9980,20002.04
16845,59336.95
2862,11794.71
3350,10447.43
17429,13365.17
1895,19118.65
11101,35257.38
3963,13530.47
1133,10243.75
13673,39795.83
13489,59828.88
13865,39733.74
15786,15679.94
3985,23662.24
11998,14367.54
10739,9839.71
4702,19345.96
7499,14030.56
8550,20179.38
4776,31947.31
13317,21866.0
2184,16124.42
807,14392.96
7099,39334.52
8973,39634.1
9369,30473.72
16823,37859.17
11525,24601.93
10986,54194.88568799989
2434,26967.84
3108,23942.54
18217,36965.79
10631,19288.85
9141,14674.48
7760,16367.13
10905,51009.88
5890,17244.45
11294,19692.65
19332,82004.91
5426,16449.59
17785,14989.96
11420,26254.18
3049,14469.49
12632,14541.91
19246,21455.34
13271,25286.59
17803,11205.57
17126,9685.43
8698,15290.78
5996,124324.72
11892,49172.44
15263,47793.65
5210,14036.3
12905,49285.16
19208,10050.33
5599,19573.13
13512,20358.2
19511,20285.87
16281,14097.23
2142,31392.8
11034,10928.9
19121,26001.23
7803,12954.27
2236,11976.52
8589,15241.49
14052,11671.47
10440,15449.63
17316,29553.45
1123,15554.25
8102,9997.01
15355,106851.06
252,18118.15
8193,27348.5
15147,32343.22
13263,11695.5
8385,34891.91
13425,12830.24
19762,29672.87
12939,12928.86
16290,23104.33
31,12084.97
14664,11802.44
11006,59139.75
7303,27958.35
2135,9637.89
7946,20670.38
19020,12159.88
977,36610.58
1281,22355.68
6100,13279.13
13110,14704.65
644,29309.09
17424,18578.7
16563,20498.22
17516,10404.87
11881,26793.72
13520,13945.42
15120,15676.73
13448,11120.63
5828,11503.91
8383,34610.06
12324,13071.79
11737,10732.29
3534,23783.01
16464,36733.88
19863,60004.47
16289,20027.79
3396,24902.17
1950,25216.88
18910,43908.52
9694,20238.75
15347,13095.23
13653,13914.84
19422,11967.36
2442,15793.45
3042,33771.66
574,56900.15
1237,13409.75
9161,15556.42
11362,29002.92
174,43961.75
10512,14633.38
2361,26120.31
19553,25259.43
16088,16072.82
15758,16421.54
2754,9913.03
2164,11757.58
622,18182.62
19967,12928.24
14744,13861.12
18723,10679.59
17460,21643.56
5411,32945.21
7708,32414.38
10158,15781.14
7759,11711.37
11960,9750.07
7229,35533.45
17596,35227.28
17875,12305.28
3193,36872.74
1239,14571.4
2446,21132.11
13521,22114.86
1873,19872.7
3300,20927.15
2980,19694.33
2239,32421.48
17467,124287.43
4016,23619.06
18399,22409.37
4460,81923.18
9114,18414.39
5470,13559.13
14819,51718.67
15637,28684.44
4826,37385.08
2021,18679.78
13241,14639.24
13564,27987.61
13724,13810.38
4458,16240.33
3781,12923.92
5570,10663.7
13787,18809.09
16463,39231.57
14589,9856.12
9012,59445.31
7054,22393.78
13281,9905.36
5955,12799.11
11606,14416.8
10045,14789.53
10521,12781.64
5163,21994.59
18356,48687.96
62,25931.76
5702,13820.27
5556,17701.86
5060,14492.09
3987,11092.0
11,51708.62
15148,12704.23
10749,40664.45
8760,14414.94
16457,14148.01
17332,21363.29
7314,11166.96
2484,9855.64
5780,59731.4
13994,12558.21
9190,14721.0
8913,54608.02867466644
2123,13751.23
17169,17909.86
1069,11431.27
19507,81955.0
2517,16676.57
13535,43959.09
11135,13182.32
2158,25278.49
77,23097.59
19243,43847.2
288,24785.83
138,17265.58
490,19898.05
17789,23709.44
12597,13237.87
4387,15453.66
15690,16254.2
11761,48999.16
19177,12383.64
17493,59591.72
17195,12202.59
8002,59474.82
12954,22966.58
7883,113582.69
17414,23799.75
11630,54621.76867466644
11057,16593.38
14179,27481.52
9598,38996.8
4225,24972.34
14235,10466.28
17043,14580.32
18510,44226.76
16974,33588.83
170,124304.58
7860,35581.44
1205,17445.92
16029,44221.02
662,13795.87
10373,10559.49
6365,39114.97
11052,11758.12
3485,20856.21
19396,20018.93
8856,26079.92
4947,20984.78
8748,11641.06
2376,16174.79
2160,12240.18
1259,124300.41
12708,12444.89
14444,10975.19
7220,22634.8
16249,11969.74
15971,48210.84
3519,15474.03
17689,22409.95
12829,18431.53
11243,16521.27
12096,22406.57
19490,18668.27
6408,26259.89
9079,21463.94
8404,33767.43
1013,20779.64
9524,24951.62
12217,11794.88
6216,24276.51
15978,18093.91
9872,10755.8
599,17055.34
19178,35591.5
2679,12952.78
7312,21868.68
11853,13547.32
1607,40497.54
6847,11963.43
4110,10709.97
9315,10137.79
10507,11867.0
16151,15022.15
6162,11044.77
11432,14646.96
10315,40620.61
15575,31154.36
2349,10598.96
1739,16737.78
9520,15034.12
8270,11430.28
15122,28899.58
8222,12007.69
3691,13299.11
1186,32216.26
7007,15320.42
8315,20265.03
16816,14697.6
6865,23074.08
9174,10911.16
7422,15158.49
13715,15445.76
13242,10224.84
7813,16636.73
16683,21826.61
8378,59917.19
9230,21427.29
7830,26263.91
12011,23969.69
6022,26282.64
715,15357.4
6240,20793.41
18022,32189.63
17426,28098.17
18633,13547.36
8442,27787.04
1516,9721.68
8055,17842.17
13157,24022.15
529,59545.88
13500,17575.49
2981,9657.83
8825,19588.96
14190,13091.56
14875,15242.59
15297,21192.71
17006,9750.83
17499,19538.77
15495,17462.05
56,10067.53
10951,13825.45
17807,17010.94
12327,12583.2
13227,11073.03
10921,25633.98
1100,11508.27
14949,29863.32
19898,40635.77
16164,89649.64
373,12539.33
9027,10296.2
834,18506.93
14367,43592.65
19278,18802.54
7936,12306.22
3026,10104.01
14112,12877.77
6450,44167.55
441,11874.2
7767,36715.6
16168,40614.67
1440,40041.34
1282,10615.35
10033,12811.63
8819,11120.77
5963,34575.85
798,59095.12
4718,39106.61
14497,23110.58
9652,17953.87
9132,16134.64
4255,18650.14
18162,19268.26
13810,15354.36
16323,31602.2
19556,21151.87
566,36728.27
16490,59511.55
15807,59692.12
14560,24797.31
12970,22890.91
13554,13770.56
9864,13729.34
3399,22716.03
17702,10105.68
6208,28745.08
7496,16139.53
2443,21191.3
14969,11620.8
15416,16124.74
18618,13128.81
6392,13341.02
19484,11686.63
2305,26308.51
13456,10249.26
4569,11988.01
2318,32924.78
3406,16305.39
16307,24121.33
14333,10168.55
15242,12203.55
928,59817.31
7814,43980.89
5705,14858.06
16573,23668.73
8952,18093.36
18290,20778.78
14933,14556.3
3499,11135.57
12827,51439.76
9916,32923.92
9384,34554.52
7470,23783.92
4086,25288.38
16768,11835.21
13772,17363.41
5374,49167.02
16297,32916.6
9069,12139.67
6970,11283.4
6437,16112.2
13631,38764.29
13217,22412.54
9103,16423.82
19695,48838.52
16906,13405.02
18495,14835.76
7785,10845.16
13385,25221.48
18511,17474.74
10036,26194.18
962,33592.74
15428,12422.04
19723,39787.95
19344,10460.28
11756,26034.19
9284,14475.1
10728,49366.55
7640,10028.91
19339,28711.93
17619,46581.54
12273,20607.99
11908,22392.38
824,33789.88
19383,39274.88
8367,57686.36
4259,14439.22
13719,22706.79
13517,11976.6
15578,13694.0
13086,49110.55
5722,11093.37
980,32024.49
15870,34577.04
13179,12055.42
11210,39115.58
11599,30777.59
7801,15450.93
176,15943.31
9106,25247.62
2383,12938.4
10401,35088.26
8565,11358.75
473,36219.73
19872,10774.38
13930,14222.08
3742,14579.31
17223,32291.03
3075,25256.58
4190,16993.41
7507,14953.83
6039,40495.8
6158,59508.14
12371,59594.57
661,23951.96
15126,13688.15
14443,18349.99
2311,96112.76
12850,26654.06
14700,38999.54
4116,59505.64
12524,17554.48
1844,19928.72
12975,30685.76
9838,22419.42
7846,19826.99
2137,29673.44
6688,18278.97
14620,14233.99
1858,13964.05
17384,10710.22
7080,17328.46
12052,28229.92
2297,11623.19
6302,49298.92
3245,51465.03
13135,23817.27
17044,18240.67
19997,35241.66
1724,14224.8
16565,35598.07
11409,19327.66
9426,21003.82
2931,12834.59
6329,59267.89
18001,14611.13
7540,57290.06
17914,43463.57
15125,31935.07
12231,15854.64
18930,36850.07
16341,29543.29
3638,32281.3
9361,23463.07
1600,57068.18
13613,13548.07
10406,21976.23
5575,24787.53
18036,14184.62
8206,12953.41
13053,13770.87
13260,27960.15
19512,20026.93
256,13142.75
18672,9857.38
14985,20362.45
10632,48432.09
17584,10474.58
17399,14139.14
5103,28320.23
13906,14300.5
17677,22392.11
17305,20892.62
6489,25030.13
12689,16994.08
376,15683.44
16396,11669.37
1560,81972.11
13475,15547.4
6072,18312.91
11799,23796.99
886,10424.03
1629,29643.61
704,22052.51
196,11153.89
10931,16550.49
19098,11791.9
11004,12144.09
16558,10504.15
637,23058.85
10317,13858.54
15869,26754.31
3759,13185.08
13988,17320.42
8393,11774.27
11051,10158.47
10827,11268.37
7888,28340.31
19681,18259.86
686,26306.6
10989,14415.66
13850,18786.41
5012,13118.52
3052,33790.5
1331,26629.67
7267,25238.26
13450,29318.4
8976,14443.04
2292,19412.68
10216,39783.82
16553,10364.16
12182,14613.27
16615,22976.79
10598,20209.49
1347,12088.87
3681,13310.8
16244,35232.91
14061,27017.3
13542,21179.8
961,15178.46
17328,19275.44
14012,14555.82
11288,124334.23
210,13665.04
4031,15811.51
4244,32923.94
17805,18975.04
6409,27530.6
387,14913.46
14348,11803.26
10689,40626.38
1061,38381.14
9577,59929.99
9905,22580.92
14647,15387.39
6707,17155.5
11664,14525.02
586,11767.46
8377,39948.39
8398,27767.94
19245,15546.53
14308,32963.27
3573,57181.76
3657,37496.09
18428,10928.98
7440,12941.64
16503,54621.76867466644
15060,11488.79
11798,21880.31
7336,12429.44
7542,27487.73
185,15450.87
7238,25695.43
2559,109120.94
18502,28224.87
10492,24580.46
9793,10496.3
7181,34988.23
4163,26249.15
1781,17644.39
6881,13436.18
15368,20116.28
15252,34723.65
9806,50602.53
15110,15094.03
14392,47867.34
6554,44256.73
12330,11181.33
19366,27285.36
3616,12340.77
19430,10943.13
14831,10198.15
670,24789.21
16679,31360.93
17509,35579.74
6002,14889.93
18137,10628.18
12047,25221.02
10100,26270.57
6374,12138.04
2990,10029.32
3186,22389.97
8179,40607.84
16262,15222.69
16905,19528.75
12000,28190.22
1832,14767.82
6883,11115.12
17646,36792.42
2427,26097.95
2932,12630.47
12563,11561.06
17886,10324.44
10452,10345.23
3646,23948.82
5011,14608.8
14445,38688.17
8563,29559.44
6069,10198.72
14911,35589.34
12589,17722.24
12349,18650.57
2551,28088.91
15757,27928.38
7012,9596.36
7179,17871.01
11231,21226.2
3810,16335.72
803,10027.09
15657,31691.57
7957,17329.03
19815,16270.82
5947,23426.33
4434,27323.68
6309,13997.55
17543,12289.94
19350,26872.91
12876,24770.29
3476,124344.69
19029,14496.13
7915,14824.67
10609,15200.67
12020,121932.91
3800,39123.44
2234,51500.63
15928,11268.69
8237,50212.89
6843,15370.15
7176,25244.04
16433,35100.92
1294,24196.94
9532,11967.1
5197,23631.71
12235,30438.13
15399,19745.71
4978,13845.35
1547,22035.03
169,22408.01
9169,10439.82
16377,28994.39
12282,27323.2
10869,15781.26
9649,81898.17
2615,16741.85
18815,16458.8
2613,23966.55
395,15261.57
17231,21605.28
10566,13551.69
15549,14012.16
4252,124340.64
12531,34585.81
4566,9855.18
10981,38998.68
7057,10198.4
1292,13611.82
3143,24000.58
9039,11222.02
8652,33106.07
6447,12866.22
10664,47134.63
3095,59777.45
19859,21867.36
10355,13372.3
12973,29634.67
748,23130.74
17344,13462.15
2978,30827.74
5549,20865.71
16872,22417.19
14320,18174.52
6586,15168.81
2663,43457.3
11219,12649.41
443,17232.22
18630,35138.16
14298,12850.2
14516,15002.49
6297,14611.8
18041,48577.85
13207,15907.7
11855,12893.48
7623,13964.43
4329,23923.66
14919,19977.02
16046,10915.11
19980,18891.35
3465,30471.04
3766,13407.18
9748,16650.53
998,43610.97
15171,13202.99
831,23873.29
9803,10461.47
5884,30458.42
4354,124335.04
9418,20697.21
10926,81960.99
9845,36710.82
15376,18301.31
1760,124356.77
12336,40172.86
7642,17921.17
10649,10497.27
4137,30481.69
8584,26976.03
111,26178.77
7399,40634.38
4133,124278.88
2989,23115.54
17643,12850.9
16789,17055.14
12760,13029.22
10491,17910.26
5021,11609.61
18917,12661.89
19784,14495.96
9732,29545.37
2063,14923.92
11256,18363.19
9543,26684.17
5797,50247.52
19965,22534.36
9758,10430.86
17967,17157.93
4543,15325.17
11115,25901.87
16483,18156.89
8753,25641.79
11388,22557.97
15833,12384.79
858,23132.26
17312,18296.79
12626,16990.08
12578,43573.12
1886,51405.0
12240,17660.43
4905,14994.18
1748,15265.0
7871,16356.84
4446,16646.84
9066,18241.69
7030,27784.47
6677,23079.63
13041,19116.02
9739,13000.99
18,13094.48
16280,12592.97
18178,48643.63
15278,33764.62
9198,10915.22
8290,21866.51
14789,18331.66
5200,24793.04
2119,34569.07
19329,12884.69
13896,15513.79
16471,10407.4
10189,22977.23
1349,14469.55
955,19070.16
1555,15464.63
11470,19765.33
5637,17597.28
6527,22996.0
12549,124325.68
5923,25908.49
15878,95799.04
16978,25124.02
1565,12038.05
13713,17827.11
7694,16905.0
1687,26126.97
5118,17445.69
12979,14399.03
13939,10619.61
6293,45602.5
15226,13152.55
10958,20060.29
5168,17067.51
17046,11860.24
3383,47278.77
4262,17106.27
19743,14580.24
11244,18119.36
4920,17779.13
11624,11871.27
3763,16180.59
19070,28804.07
4467,14425.84
18006,13839.73
19934,10795.82
9721,29029.97
16347,10418.87
9144,37437.19
12427,20363.77
3239,26195.01
6779,19785.1
9665,10261.39
2266,17640.17
16173,14097.85
14359,10081.08
1818,24790.63
10899,15577.77
13187,11975.86
4771,9569.49
9363,124323.9
9450,51550.8
18354,54626.34867466644
18734,19277.21
10641,10231.81
7806,18557.55
19522,12618.04
12738,30661.03
12167,32435.28
7905,14110.32
14090,12217.6
10679,17795.94
19870,17841.0
13686,19527.19
3986,22459.74
9159,19269.93
15510,11120.94
16406,20808.65
17322,12203.57
7447,20848.67
1122,29570.44
12068,36212.46
3832,32005.92
3728,30795.89
9466,11802.03
1326,30511.46
3122,12649.28
15650,30685.01
9768,110710.77
19913,21428.18
6012,54626.34867466644
8435,35594.5
9596,16940.64
10366,12788.03
10464,15002.14
17835,10579.02
8269,38440.47
11108,10329.03
8930,119012.29
2094,9578.7
2486,124311.47
13293,84157.58
1093,107020.93
9398,17558.24
13967,23088.94
15174,21144.35
15008,33749.8
3084,9751.46
18636,81902.2
8638,15723.3
16044,18996.82
423,12144.37
12268,22490.88
3754,28367.14
11690,24298.22
1363,30480.88
5802,96072.66
14406,13703.89
15300,22408.46
18621,25268.85
15137,13963.83
4774,12078.79
18374,21171.3
17354,29065.95
17261,27354.63
7217,40630.73
1026,48883.13
15892,50066.28
13238,24820.32
55,11879.05
7478,32421.46
6530,18879.44
12867,18693.84
15960,9855.74
15232,25267.74
10772,26994.42
452,55157.729866665715
17089,10297.55
10031,10242.9
8786,26322.35
1372,18074.68
6006,51237.44
13200,21497.67
887,15002.6
5623,10387.53
11474,10243.47
10358,48382.52
1811,13699.03
9478,15199.76
9976,20325.68
17268,11544.58
15738,21371.0
14253,12480.15
12325,12775.72
7405,14010.32
3488,10431.22
7152,45398.54
5870,59753.53
2192,13497.64
18430,37497.5
13491,13064.63
9025,18487.88
9924,24530.8
18336,30788.95
9817,20788.02
1403,10198.44
16465,29647.48
17682,39674.59
3799,10810.26
1252,17255.1
11923,9856.28
18364,31622.61
5915,24102.05
11268,19856.13
3977,17256.06
17271,12367.33
3230,11806.16
6136,17320.56
3017,17542.95
9113,121851.85
8933,20112.44
19884,21858.37
3706,21872.67
16633,11166.61
1458,10483.86
11061,20031.93
2730,20779.47
16773,15411.5
243,13925.19
14867,14771.29
10008,40568.23
10637,87843.25
18845,29007.01
7894,10803.42
8363,19006.69
13402,12305.8
268,14420.95
17755,10051.0
12960,36210.26
19697,24784.54
4512,34491.23
11103,11069.83
13726,17485.16
3100,12594.36
5148,124289.24
7769,23815.3
9573,13238.67
2044,48043.23
0,9932.67
16264,29710.49
10757,12637.0
3913,56816.9
15385,20157.02
13387,14836.42
18408,20120.9
15010,19503.2
7930,17637.3
7142,22746.98
18892,12542.57
17808,44044.27
16110,14788.25
18327,14423.31
17763,11119.55
19013,28340.77
10638,17427.63
6481,84436.81
1009,28913.3
19083,15187.97
8832,18225.31
4823,51918.40729866665
7920,22405.88
260,15962.59
19272,23910.09
7635,49614.68
17990,36983.07
15209,11128.42
14737,24217.87
15150,24963.62
10789,10182.25
9064,19966.71
3481,33745.22
17003,54624.05867466644
16646,59292.97
17385,60051.36
14780,21644.87
15254,11538.47
10646,28852.42
14159,49969.35
7658,10737.33
12116,19852.39
929,22539.41
8769,13729.72
10423,16913.69
654,22546.07
9789,20071.29
11148,16777.25
18038,11027.11
19674,50126.47
8471,21842.67
7461,30467.1
3567,32283.32
6622,81975.81
16045,18376.01
3217,19402.47
13136,19899.78
13950,31760.55
156,9675.94
18714,21622.63
1919,32955.38
8275,32930.59
3860,14554.45
17075,33760.34
10083,14805.52
8256,124325.21
13049,34182.82
1000,15682.9
5202,11354.59
11531,35192.07
3460,31370.42
3240,12519.02
2371,9821.5
19021,18241.12
106,51829.02
8182,43362.58
11419,10762.21
3009,10407.77
7897,13738.61
18720,11706.0
16916,11432.43
1972,10867.63
2087,35568.05
16397,20492.62
127,48953.0
581,14147.52
4963,12812.84
1633,18363.83
11214,10027.81
5622,22538.4
7550,59353.91
9320,14921.27
1952,108276.82
13078,20088.28
8970,24532.73
17321,12589.93
4624,34451.74
15143,22347.81
4557,12222.45
18256,23794.38
2831,11356.86
233,11279.64
8310,43010.19
12418,23047.4
19950,21847.76
17557,10566.98
13592,9579.09
7810,47846.09
18687,59830.22
15183,34921.04
5811,16144.31
5109,10766.12
19799,12080.17
12704,24819.96
6635,14393.36
771,14639.7
11503,21279.54
15655,23122.85
18941,18802.37
14255,10153.79
18574,34163.92
4279,59664.17
19769,48735.04
9970,12488.01
12903,25279.97
8888,17320.81
14260,21536.57
9458,30467.81
13665,47531.03
10467,54633.218674666445
6716,12124.01
8163,27069.12
5960,20673.03
8788,32023.65
15348,23657.91
1114,39631.16
15502,14390.93
1927,47813.88
17159,11280.48
15846,24431.26
8490,22969.97
10443,11321.59
14870,20876.84
13150,19171.69
7230,16939.05
3310,12306.54
1231,44199.42
6939,59346.79
6851,20806.36
3522,10605.26
5492,10413.01
8027,20060.96
4207,15764.69
11469,81931.54
904,59873.3
17502,59399.57
4815,11073.03
5174,39474.97
9955,12312.07
14311,16834.08
9633,17446.86
17957,10624.07
7855,56942.47
13259,49555.84
7582,29554.4
19033,29283.85
9933,36868.83
11305,10514.49
5634,45500.33
7885,17181.09
16746,11711.01
18805,14370.55
7149,10915.04
12075,13461.92
2751,14282.03
11442,19583.68
5720,27862.67
331,21378.77
7038,15950.14
11789,19487.53
9100,43249.51
4019,24253.74
1147,50219.79
19466,56833.34
14628,33052.82
4479,43361.16
17200,15510.79
2270,55332.96218133321
10744,18522.3
13643,11561.46
7294,11910.91
9416,11120.3
2476,26694.72
494,56905.32
14507,36071.53
14691,39598.78
11254,26677.65
16685,14166.16
19826,10959.17
14170,15323.09
6280,20112.76
13753,11321.98
19501,18942.78
890,30475.09
5864,51535.01
9535,18556.66
278,48483.71
4306,37437.56
11427,14334.48
6153,16333.94
3067,22421.64
15273,15291.55
8567,21216.92
2046,54304.01568799989
10785,21428.21
6118,113659.94
15417,51708.56
14642,10721.66
18857,12981.37
193,19313.82
9042,38189.09
1827,44077.35
10314,9841.16
15714,17832.67
3947,18616.52
551,16005.77
15621,17872.09
12076,11291.19
2470,16868.04
19173,11370.26
8384,34899.88
5877,17559.01
4651,13992.18
11750,17088.23
8486,29723.04
2333,28076.62
10441,24086.15
1730,35248.24
16003,27287.31
14395,15760.7
6887,25030.28
763,15445.36
692,10928.91
114,16726.03
933,14478.55
5443,14612.03
8738,11386.65
1768,16134.12
19562,24578.14
6620,124313.09
8015,17265.25
4555,36144.9
3861,21148.41
12824,14336.19
6221,28364.53
18149,39127.51
14668,59872.29
12601,12054.43
8100,43326.24
1550,48778.23
18304,14473.91
1178,12340.17
19429,13775.6
4430,15101.71
17286,9816.47
5332,18260.27
2731,12968.15
12916,11849.15
14899,29063.37
17919,19427.61
4015,32432.33
900,11167.4
380,36095.72
13196,13547.88
15793,20794.22
365,57465.94
18268,12885.78
7789,43508.79
18725,59677.8
91,16046.35
12265,33653.43
17867,19898.69
16447,17747.64
16154,28000.79
14551,36988.17
6483,14937.87
19290,22724.41
17359,49360.08
10469,17232.1
12362,23017.92
3120,10026.32
8402,15983.13
13439,25034.57
16645,10141.65
19052,29995.37
526,11140.52
8664,20737.89
10771,15891.3
9228,11356.71
6957,37369.41
8450,24437.81
19213,44095.65
13007,11993.53
2109,27761.06
6947,18963.37
5326,21442.65
6606,30811.64
11026,15577.71
17960,12052.49
4755,23994.54
18989,26648.69
14748,28979.93
15630,25248.69
14796,43372.27
10630,19528.98
2712,11969.63
3457,57272.83
17293,10108.89
17239,20872.39
14213,59086.57
19686,10028.61
3416,18621.22
19432,36736.88
11382,12240.43
15720,20312.06
15843,19345.96
14249,81999.78
12595,17214.19
1762,11168.53
9022,10332.4
7664,34517.71
11787,21891.97
19077,10343.57
6434,23097.09
14039,35236.78
247,49898.16
14053,11793.85
8065,22415.1
6870,25038.01
2883,23805.28
14415,48089.85
9087,12568.66
11813,19276.01
8774,11119.67
3215,13432.01
9013,12460.67
2153,10808.24
17259,57455.31
1065,16993.33
9961,26283.25
8170,20785.12
1012,19023.63
16368,26704.49
6313,19005.02
13973,59884.4
14485,17178.98
18118,16081.5
10015,12305.15
12529,19786.33
8557,13163.41
9618,19383.18
1377,32919.72
15848,14018.9
14886,14234.31
7031,11150.01
4879,14662.51
16579,54624.05867466644
18074,22411.64
2604,11767.3
4956,20385.79
277,12124.8
2045,10271.0
6103,36190.22
5481,49890.81
13248,9584.02
7490,21553.6
7863,35604.53
9624,54621.76867466644
676,10280.23
573,29821.48
13432,10750.9
7190,56932.02
7479,31341.76
2536,13064.66
11674,28827.45
14175,10853.04
12943,14953.21
2688,20871.62
4371,16745.71
5136,32248.56
2557,17427.3
15176,95299.39
5063,34712.73
8489,16189.0
11398,12877.47
3195,16073.5
14853,13595.75
15910,30885.13
13032,44056.92
2057,35947.25
18405,15332.18
17770,16987.56
4725,12952.44
11439,18802.37
19785,26308.48
1428,59909.15
11692,24197.43
13583,124283.33
11572,14684.21
14134,11793.97
3689,26842.24
12519,15224.45
9849,11851.71
13113,25252.13
5308,35173.21
6027,34470.36
2261,38774.42
18168,35616.53
13092,12559.04
12352,18273.2
4032,29081.83
19108,59453.9
3179,30043.61
15229,12926.0
13213,59351.07
15259,59750.84
2288,21995.46
18932,16202.61
5242,18997.48
6917,14522.44
13336,13757.54
5359,24924.44
9662,11198.56
4896,43776.29
4841,24919.23
1915,37391.22
10654,16424.85
15233,17912.03
135,29078.75
2590,12394.01
2465,23991.87
22,15426.69
12310,10299.9
17176,18985.34
9881,15189.03
1610,17740.81
9525,40168.39
3710,18309.86
14723,23940.55
9128,12661.42
1631,17395.12
7263,14154.81
9637,13905.32
12706,14571.68
14649,13610.13
1176,20362.82
4538,13136.64
2941,11279.42
2582,13495.88
14596,46547.48
7137,84403.99
1503,13869.16
102,28670.71
3452,81952.0
19871,11840.29
4762,23013.19
13638,10616.47
11583,15177.59
10309,18907.72
5607,11411.55
2713,43542.93
5753,29063.76
10460,59979.85
9157,31787.65
4108,12204.93
932,13653.5
8099,17728.7
4664,10378.19
10762,99879.13
11976,11962.45
646,18528.01
347,12761.89
5500,32417.18
17072,26783.16
896,10832.63
10858,14612.04
8394,13377.82
5077,15675.94
14339,21831.69
16007,21473.65
7189,31071.45
5041,14644.8
17364,21601.99
5550,14472.24
5321,11312.79
17833,43675.16
9446,27038.51
3041,12700.47
2140,15800.73
7487,14332.87
1777,21521.99
14878,29015.4
6516,16215.81
7974,16592.02
14022,22188.75
11403,21606.23
12067,23988.64
11167,27875.3
5975,29858.2
13485,20651.56
15557,10301.89
13298,56739.18729866665
2965,12667.18
8046,21008.34
9245,25972.18
7270,30449.75
967,30667.78
14023,37967.23
8501,11868.01
11241,23072.89
3039,9870.8
18144,11127.32
11246,15835.06
10584,21989.66
16212,33753.75
4935,10269.56
18545,21625.06
18977,43737.7
14408,19306.72
6661,28349.7
8299,11860.33
8821,28986.64
11406,16007.67
1747,25252.62
5920,11349.98
2169,33613.17
16205,10332.97
15612,18332.15
8030,21861.02
15674,21194.61
7579,20325.87
10124,18349.93
13721,16202.63
15450,16072.21
13796,26243.62
6472,11485.72
7201,16687.12
76,40600.52
14940,21754.74
17212,18780.02
436,10952.37
4151,17859.16
9565,13791.83
14042,13175.04
6463,36841.3
12278,14098.08
8355,20061.22
13993,12666.63
13977,31979.67
14115,11185.14
19264,17475.43
11558,26134.67
15862,13216.87
18062,14913.15
8713,21922.68
2993,24763.28
18314,50330.85
15496,81961.11
9818,13216.38
7161,40602.56
13623,34611.0
5857,15748.5
13297,10185.72
7632,12397.64
10558,18411.92
14804,18695.26
9451,24976.92
13503,32596.52
15620,18736.84
18117,13651.51
108,48001.39
5708,15202.02
11105,12565.07
12457,23799.02
2081,23044.88
9068,21042.26
3155,19070.1
8730,36956.97
7439,11257.68
6122,81985.32
15188,20196.56
5297,59903.73
18782,28003.09
4442,16191.81
6510,19631.01
19978,14953.7
11077,10331.34
4840,13880.45
10319,59663.62
14678,40407.55
4593,23988.66
16291,15449.35
3891,10373.97
2867,11545.34
6558,12172.64
11437,15822.64
10270,22030.82
5805,26287.69
19234,51012.35
11587,14694.22
9120,30441.39
13958,20880.79
4212,14466.66
18210,59362.51
14463,20303.31
2241,10183.12
166,15034.24
3207,39677.98
19268,10081.54
8746,36217.58
6932,10539.45
13978,34996.87
1354,12527.09
5952,18189.16
12272,9988.63
15139,13437.46
14142,35616.89
15791,15403.54
5795,17330.12
17166,25738.03
17001,25104.54
2097,16206.79
14388,16570.7
8851,11169.95
12172,14223.22
17997,12173.72
15277,10498.28
4899,32244.01
11336,13910.44
1544,29552.39
9657,44075.09
14172,33718.99
19948,12855.92
7713,13867.07
3129,16723.01
3038,13310.92
4783,13967.62
8475,11286.29
12553,13720.78
5911,13775.22
4184,21811.61
17866,16473.37
3107,14645.24
10483,30493.2
1370,19640.38
13169,11072.46
1024,30883.82
12147,17751.4
10550,15845.3
15327,22981.99
3176,19646.73
11011,29860.08
14590,25206.2
16494,14610.04
7568,59617.39
1171,38592.56
7023,11076.63
4806,10963.5
7736,11486.14
8562,14721.48
9877,23970.68
6184,50431.26
17903,28357.56
3677,14379.93
12648,15253.97
18894,27956.63
19438,12568.22
164,10576.0
866,27458.75
810,30820.46
10370,13747.82
11954,32307.89
19564,11794.52
2255,124300.46
18539,17463.05
1219,17432.45
5040,24926.55
10840,17627.45
10706,10198.69
15003,23972.47
5688,44152.88
15446,20002.96
12409,16287.01
16989,21498.66
17165,26242.08
9723,12163.32
9888,19243.77
11533,23964.51
12141,20584.53
4971,18754.69
5458,17518.42
16322,36212.53
7656,39048.44
5460,12826.62
18981,17628.27
11884,13663.0
14096,11045.94
16952,59918.32
1433,12264.0
10579,14644.77
7667,29320.6
18974,26240.45
18476,32244.43
13131,11092.81
15692,90522.74
12582,15855.44
14017,33101.2
2131,15355.7
18996,43834.36
16549,16551.92
13128,23977.38
29,59966.65
10528,10989.24
5542,14913.22
17380,10259.08
13156,13164.5
10718,16694.8
10513,59970.81
2594,26002.25
16545,12495.17
209,11874.74
11302,36100.08
8987,11266.99
17658,59782.4
17610,32485.06
17127,14985.67
9635,10608.47
4873,59559.02
14558,13184.05
14423,59643.09
2071,12119.78
1908,29828.4
7273,18882.03
14357,19487.15
67,13497.72
1157,10165.55
4724,55332.3921813332
10387,11888.35
6088,28851.62
8292,38783.08
10056,34912.88
12813,28096.89
16959,18573.49
835,9997.57
4443,14469.89
15358,13486.52
17506,81919.75
8572,20087.04
13647,17676.76
15832,17064.85
16198,10783.36
1795,14550.69
1379,81991.3
3935,12913.09
6872,26910.43
18126,55337.52218133321
16148,35246.73
7059,18467.39
2092,13239.6
5477,17586.25
16283,57059.7
16777,59823.8
6818,17911.3
19085,25139.11
2309,33768.32
10465,19899.43
2157,19630.37
4837,26878.61
17925,11597.15
15912,17328.57
7378,9917.0
12422,11889.63
11410,33110.3
16426,93209.22
4247,15769.86
17098,29622.37
3357,59758.95
14823,12304.46
729,10212.03
468,32419.53
3983,11048.02
16359,124333.73
1436,43954.03
2143,59771.23
18872,81929.98
1010,30480.24
1455,10116.29
16491,13107.64
17737,13164.69
16955,20086.73
9314,49996.83
2929,25298.49
6192,19898.98
17991,10975.7
6722,15076.85
1967,26300.03
4014,23982.0
12216,44036.24
11982,35223.86
12057,21873.95
15863,13415.81
12503,13418.68
1177,35588.84
12920,10624.6
17427,10538.02
2660,14011.7
13009,13246.19
3614,18177.8
5454,21577.57
7076,34585.39
19530,10663.34
16268,20596.57
12963,34197.19
15608,13568.44
6414,15282.66
15388,30004.41
10212,13808.27
1003,23969.55
3036,81930.13
14135,15856.17
7226,10269.5
5262,14610.02
6923,24596.41
12922,13195.87
4450,15390.18
19281,23120.05
18180,20157.74
10777,10582.42
9214,37449.11
8174,21520.4
5760,20375.02
11445,15472.89
969,44078.13
14407,15629.18
3656,21182.48
8279,14057.8
7538,10277.11
16097,14455.84
9559,12052.62
14290,22388.52
7034,9868.27
10043,54624.05867466644
6862,12007.36
17273,17011.09
15760,17394.73
8966,13207.11
14650,14241.25
19607,20072.34
19977,14098.16
958,10706.61
8469,55334.10218133321
1346,26193.28
9511,28340.48
5383,19539.65
18897,16584.98
679,22049.3
16576,124342.2
19574,25272.54
752,30475.05
1390,23439.15
5429,20893.42
6829,19538.44
1261,18235.51
18083,17265.91
2215,12566.83
3121,29554.02
6476,11153.6
682,10714.4
5743,17561.09
14417,13910.4
11947,30491.16
12804,19706.2
8701,49053.54
12812,29989.5
18335,31778.56
2891,39188.05
13685,12362.42
1517,26880.02
628,10407.99
5519,20728.59
19046,16544.62
9688,19709.14
2774,24807.6
14906,10968.4
8057,13238.51
12321,40417.79
1330,21906.09
1495,17445.72
10806,17585.92
19818,27430.65
2102,27827.95
11130,34060.52
17699,15096.33
7613,11562.28
16717,10158.88
17863,59900.92
6994,11244.02
13071,59533.38
14299,11395.13
16266,12850.51
6253,14036.64
10457,27754.29
17899,16636.64
12248,124278.2
10826,27532.62
6580,23781.7
11597,28880.07
14358,18222.35
15652,58785.08
19286,19827.15
4919,12053.74
3600,15829.76
9344,23132.95
4131,10873.52
2242,20002.87
2225,25758.86
7668,26355.23
1264,15707.52
18899,28063.02
14429,23733.74
9403,10476.84
18741,24886.44
11208,29607.27
13170,27856.58
4535,10140.16
2296,17248.77
10065,104598.17
10868,43257.13
4765,35862.04
1944,14064.9
19220,16591.78
1674,33633.45
19549,11887.1
16208,21046.23
5645,11057.21
5943,12133.47
13039,81942.22
1424,18506.28
4415,49258.92
11010,17674.17
588,13963.78
9824,26777.24
9999,59886.24
12158,60028.35
17761,11524.53
9706,16999.58
2934,33575.78
1940,12876.66
837,26266.47
4622,14468.91
10829,48941.53
17314,11640.13
5866,26084.87
10603,13795.1
2755,28931.03
6877,124298.42
8453,43777.38
6962,21429.35
119,34520.01
398,43988.08
3409,18086.56
17047,13128.55
19304,10450.55
7265,97085.47
18279,21877.35
10908,19924.41
4931,15261.28
14452,12992.41
19988,10933.41
5844,23082.26
8230,16473.33
7221,54192.73568799989
1814,15513.09
16728,26292.66
4801,17990.94
8482,32911.53
5719,10367.97
8141,26016.3
511,28349.51
18615,26670.31
1163,33643.95
2595,13883.46
147,26739.0
13268,29579.8
3787,12104.73
19634,12381.25
18303,10212.95
11435,16994.67
8088,11489.27
507,10298.04
13636,108272.81
1018,26110.99
2974,24772.15
7160,81983.91
16639,28368.82
12035,36162.72
7817,19194.69
6636,15259.52
10568,24096.93
10313,33782.54
16857,12567.36
14148,10304.34
11628,11685.83
19170,10820.24
3547,11732.85
14578,35836.33
1725,20125.7
5173,29589.0
3693,30956.79
2892,29520.72
13292,33791.54
13284,35761.73
6701,60049.23
3251,54619.47867466645
1939,96725.12
6015,14491.14
7015,36647.82
9989,16113.18
19628,15448.29
16273,15455.1
11773,14491.95
10972,18917.3
18220,15992.86
15197,10179.53
36,13607.32
17227,35523.01
13768,14709.77
18330,27858.14
303,10639.13
8333,50079.1
6998,38996.02
16207,28995.31
4958,12987.49
12521,17178.97
18359,10928.08
2027,55157.729866665715
5605,81980.57
1106,27421.55
11932,29594.76
16725,12499.49
11512,12707.23
13440,59860.67
2567,13449.33
15699,20857.85
12295,12912.57
5008,59420.47
3894,16993.44
12931,18861.84
18711,107313.77
3768,16846.87
15804,11114.88
15622,16696.05
8794,20863.34
15221,36118.29
2683,19706.6
8768,16286.69
16339,26946.63
13656,33118.81
4551,21540.23
1459,16972.98
2306,13667.7
1847,17877.46
6266,20792.43
18340,10894.03
7170,59394.78
7301,11380.63
3617,15808.36
10953,23657.7
11714,124372.98
1860,23948.26
14803,19368.07
12155,11593.09
16116,122832.23
17753,23814.0
6310,12954.35
5266,25224.13
9366,13142.74
246,56480.62729866665
17845,124313.19
8438,121794.87
8595,31788.94
3297,36101.71
10999,14860.05
11258,10328.61
13308,50370.79
11640,12502.57
17376,20061.03
19945,22656.58
18862,10431.25
3314,16164.03
10758,27779.84
3769,11197.19
4041,14087.09
3434,11761.8
17626,38274.14
7505,18016.4
8792,11149.76
9886,19104.1
15281,12329.73
7725,15260.83
14635,30054.47
4130,33037.46
17489,11180.28
2697,16380.88
14856,10153.19
12917,114490.38
7960,33578.88
4944,10474.14
9542,26670.65
2951,86993.46
3606,11055.64
54,13964.04
8197,20027.22
18320,12852.66
3615,14425.54
13289,44040.72
3242,20825.06
8946,25224.62
10172,11607.71
3344,20367.12
4003,38329.08
16349,20778.65
18716,39092.31
18676,20592.57
15485,11443.63
18843,35588.87
18227,95351.78
5644,36233.59
4729,15013.35
986,28991.05
13677,10856.84
7651,87275.88
14056,34881.31
10193,30490.4
8164,11837.63
15590,25253.3
11269,124323.47
17777,22390.19
11885,20364.25
1882,18650.18
5954,22416.85
2314,23487.16
11117,11487.71
16637,12615.62
1955,34596.87
5981,10774.57
4782,10714.23
778,14721.45
9932,19504.9
16431,10961.89
3727,22004.15
17790,13607.77
11415,15455.84
1658,81960.68
5983,13867.27
11053,18678.78
9125,28332.53
4637,18157.51
4845,35758.35
17627,16099.48
16315,25919.49
15948,22360.33
1665,36733.46
11631,25373.93
14722,16777.41
18628,12456.95
4746,124338.98
7786,36150.15
15731,11401.41
15915,15557.6
14830,10004.11
18500,13146.36
989,97083.45
12161,81753.21
19909,24787.02
823,11548.9
1341,21992.05
7489,13608.75
11050,18349.37
9353,59712.66
2763,11573.26
15872,95733.23
11331,18523.35
14433,17987.32
6534,15427.43
10392,19400.54
12002,21845.82
2548,29008.14
10288,10559.44
4043,12893.54
19926,16582.69
14277,24791.12
15664,20870.31
87,11686.41
1217,17038.25
1742,36075.47
10845,124286.83
1771,35275.57
16453,10770.88
8484,20330.92
14,14612.16
3216,11322.67
14337,12529.0
6539,30895.47
13611,13439.1
4576,19023.23
16079,27306.42
18537,13062.77
2132,12281.83
2961,11321.79
9797,48468.07
5545,31753.42
18361,12850.65
11566,17349.61
7307,81906.43
5941,124322.36
9105,11860.41
6734,14974.69
384,11113.71
17711,35718.88
8755,59356.66
5858,40624.54
15052,13027.7
5925,16287.14
7132,12300.31
8073,14633.54
13070,11608.16
310,11562.46
10051,15610.88
140,10605.05
4653,20042.35
13765,35242.3
1318,11967.04
16727,15857.95
1050,22987.92
16037,16566.38
11520,12840.84
10985,9711.9
17284,35265.31
18525,96700.98
4999,21251.26
17962,26262.48
6225,29833.13
9394,13097.53
19141,13340.26
2537,10232.87
14054,21196.02
1852,10197.05
2249,30964.42
8054,48930.28
6238,9821.48
18129,56990.05
14541,19707.68
14234,23799.87
12340,12914.01
3666,10233.38
10427,58883.03
1902,37954.31
12532,22363.1
2303,24790.92
5304,58972.35
1460,21610.72
13350,10304.11
10970,10498.33
11980,27951.62
4621,13799.1
9041,23946.54
18682,22012.12
5369,15907.64
14574,17980.78
5413,23966.71
1531,81949.06
18157,16696.94
2133,11992.91
16800,29551.83
19702,25256.18
703,19257.13
1917,19841.42
10793,12018.51
17983,20755.43
1632,17448.02
6730,124329.67
16153,11321.48
11791,14065.52
5187,14166.64
14232,23743.62
4967,49229.33
5423,16354.64
16748,10664.03
7704,28853.14
14513,14470.02
3599,10864.47
16085,44329.02
733,12332.18
11953,12852.99
4790,27956.73
3160,28062.21
4060,23633.57
152,12024.17
3808,49986.66
9698,59878.74
3194,43395.99
15363,15190.64
6217,27952.96
14597,16722.73
13201,13865.2
14272,26197.31
16560,10212.63
4366,18510.03
13585,10955.55
9303,13548.42
19064,10079.53
15813,22073.89
15547,10496.74
6585,19898.29
2740,22627.37
14561,12912.66
8323,43478.89
3676,19541.09
979,31316.66
19247,25102.89
13091,10198.0
11963,18899.15
9483,23969.03
10936,88902.03
9049,124333.82
2917,12833.36
8215,9765.89
8371,13581.62
11304,18226.77
17129,12761.17
19295,17962.44
4321,11211.67
6897,16987.68
5159,11485.9
11637,124292.28
3272,15501.14
5003,17747.03
7064,9735.05
978,13341.23
14902,12024.28
18692,59537.38
16437,23809.85
9045,29560.97
15394,22429.05
92,27328.78
14502,11048.0
6711,15455.64
12073,12851.31
1910,17660.0
4465,14308.95
17400,11879.09
10106,12056.71
13567,37556.1
15632,14074.85
4440,12519.43
1505,36768.79
3582,43811.59
4308,30666.04
1301,18234.92
3393,10080.36
17813,11163.59
1296,16513.52
6767,18092.97
6956,31353.16
15146,17266.71
15653,31847.31
4917,14435.75
13747,59498.8
13354,17855.77
6765,14282.54
13423,30805.1
4542,81898.19
7609,19647.11
19925,13548.72
4588,23946.92
17625,18332.79
19012,15243.49
7536,81968.75
14125,10361.29
16531,11860.31
15691,19277.27
13166,11299.2
5731,51556.03
2147,28967.67
9470,59819.51
3345,16883.7
13557,12317.66
17091,13547.27
8439,13029.25
11978,59575.62
2957,58928.72
2429,28341.79
16848,22013.12
464,19960.67
11685,24849.97
8106,36059.89
15693,59068.08
16699,13230.2
11375,15213.98
14400,12421.52
13625,11127.02
15434,18059.19
15128,25997.16
18435,9946.59
6179,10467.7
10767,59312.48
3351,11625.75
15949,11074.66
14029,20090.03
17011,14568.86
3385,10928.65
4050,48997.99
1912,15645.67
4607,20061.9
9177,51503.59
6588,21562.74
14683,17265.8
2072,22369.96
13784,32176.29
2036,19006.86
19938,58485.84
605,13299.95
15460,33780.68
9272,22041.52
739,19557.91
3862,13547.96
17373,22940.9
15372,25939.21
4147,10669.78
14925,14137.06
2295,11861.45
18082,10439.81
3633,25031.07
1094,33748.85
6004,26638.65
914,24527.24
15625,22384.76
8808,23858.26
2597,39310.13
13961,28221.64
9737,44351.38
7146,21453.01
7554,27790.71
14164,30995.18
4213,25292.71
17760,49156.5
2639,10044.89
10395,19073.1
14479,15200.52
13782,14617.4
11857,12964.6
15124,49746.09
17828,16268.73
6512,13422.86
4980,15258.42
10349,10404.93
16288,15549.22
8019,45439.05
4539,10483.4
2746,19747.31
9602,9593.28
2503,22441.48
17749,11168.67
8779,12222.18
9137,12054.48
18520,36722.27
14380,20782.06
6043,13945.58
12293,13364.92
4804,10264.13
9234,14595.49
9213,10424.2
11939,48868.4
5253,48276.99
11001,23776.46
11672,81979.58
11662,19573.77
2100,27338.98
14706,58852.85
3343,32240.14
14694,12306.54
12286,49638.48
2573,13192.14
4405,13602.22
15328,44032.97
16675,9850.22
6356,59561.04
3491,11125.73
190,14085.04
14147,14522.53
11203,21040.3
6000,10911.35
7590,18949.79
14547,14170.6
11471,34486.56
3697,23771.29
15354,15134.23
8316,12305.57
17213,19572.85
17981,10638.27
1116,20843.75
8800,18906.17
9075,12418.44
8262,23962.49
6703,49185.1
5420,12583.98
17118,19722.58
3106,36037.38
17120,10804.78
12287,15556.17
9820,43669.27
16451,10120.2
4115,9913.71
3066,37026.47
4058,10444.97
19503,35937.53
19806,17603.77
12335,31772.02
16027,18122.42
19768,11160.43
13421,27982.03
6055,12389.2
17754,42735.2
6535,13558.88
10504,34503.81
11062,26096.97
6526,39112.1
3431,11640.8
5043,10600.11
9327,26359.87
13549,22953.68
14304,25976.71
18986,32958.47
4616,34205.65
19265,16769.96
11092,12676.61
18583,44018.93
6853,59884.66
8993,26101.97
4263,22014.24
3056,15010.63
2664,9722.47
13076,26891.81
11490,15894.38
7244,124331.59
6461,17386.92
9014,16944.47
7047,16878.92
8466,11127.68
10498,81986.48
11480,27524.54
13155,49393.52
6443,11608.45
13873,47860.91
10167,23069.58
6752,14240.73
5028,23111.13
9184,10270.65
9784,23956.88
9051,31612.74
11217,59717.49
7835,17964.05
17301,26668.65
19079,20890.78
2968,15723.66
19623,13825.61
11236,10547.39
7243,12305.71
12061,30071.82
4342,14439.33
18744,11396.13
690,21188.78
7394,15447.58
774,30677.51
2084,25863.1
15092,82032.47
7451,39989.21
11569,27520.45
2005,11500.23
3363,25074.72
16146,124290.66
14278,9944.87
15961,15724.53
14133,19056.22
13434,44156.33
1143,11260.68
12023,49689.57
19223,10331.36
2354,23765.65
5971,13311.18
13391,19944.75
8203,29724.07
2327,18522.73
16445,13314.91
6553,98261.66
1996,39885.7
18043,34439.5
19489,13923.16
12807,13462.11
9816,13862.43
2041,49843.07
17486,34560.54
1743,25157.0
9557,15448.89
11536,20884.75
1183,15812.36
5615,14219.45
7455,25180.57
19313,20812.58
5508,17056.21
13608,16551.25
5677,12240.58
8132,15296.74
3747,25038.46
12472,27829.48
6985,43714.97
8208,44161.77
8612,14224.78
18285,23090.92
12030,14716.61
15958,10497.18
10800,59162.05
3044,9997.59
18011,14064.82
8944,14114.65
7875,12123.37
18130,14805.94
3096,13293.99
6325,33668.87
6213,43692.66
7864,13899.39
691,12193.64
3879,13827.65
12835,9967.86
17541,34181.52
7223,23724.5
4248,30481.89
15049,119073.3
8184,10753.27
13599,14177.92
14058,18183.98
3521,9835.67
16470,10302.22
5699,18467.27
4408,12779.22
8695,14240.97
6575,11913.43
8660,20707.84
2378,21483.16
10157,10264.31
14956,10579.92
10695,48692.23
16062,16556.05
7022,11901.75
17023,20600.14
972,21575.51
14327,13290.53
10563,29268.62
12455,9772.97
6754,13142.11
12250,16156.98
4293,15636.36
15362,13364.88
5005,26040.19
8546,23668.37
14951,84925.8
677,23678.99
3918,15491.16
16903,11603.33
8417,10607.07
16908,124329.84
6772,21721.24
12906,32279.7
180,20411.79
8338,14621.77
9122,10443.58
409,14914.82
16311,10489.86
3561,19314.29
7416,21155.46
9564,19005.45
6656,13148.58
51,36812.1
9086,17995.51
8838,28198.37
88,24094.44
11043,36223.13
2450,27308.64
19565,18332.37
12794,43731.59
18997,14452.62
14413,60077.68
9182,35574.1
2040,22566.46
7796,38331.86
141,10856.61
11657,16188.6
4910,11952.23
1579,54614.898674666445
17193,49604.03
18472,10578.83
12526,25133.0
16410,15249.74
1153,36708.5
8963,23108.46
1539,23994.91
5640,10198.57
9594,17053.99
2935,12144.75
4632,12496.88
7867,18562.68
12119,10250.06
6721,16012.06
12364,89554.03
9526,29546.86
13702,15524.89
19555,26152.08
11357,14988.34
12051,12159.29
4737,23816.92
4290,15003.08
3580,13690.73
16655,17303.54
14921,19087.35
19225,49095.17
1337,13885.61
18567,10074.45
4894,20825.17
11033,17064.58
19242,22724.12
1476,89638.79
18906,12202.85
18248,17633.36
10180,24820.0
11091,12544.09
13174,22541.11
2685,10200.34
19803,59958.51
8024,24900.67
259,25216.44
13612,26237.11
14968,11976.52
19062,22049.09
3208,39016.5
12355,40242.25
16241,21657.43
17292,25227.85
1174,31949.51
4310,15389.47
186,36185.18
18832,14440.5
16489,47844.95
17750,23514.97
18515,20281.33
6890,48606.95
15437,57816.35
17572,44313.9
3952,10060.51
6430,32272.74
13067,27423.28
10005,17841.62
6859,24921.75
5336,15529.38
2806,14149.9
12461,14792.34
3273,59508.13
6781,10051.17
9831,29848.22
499,23806.49
9074,13861.89
7276,25931.21
10345,11120.72
7338,11052.72
572,26151.28
15334,17386.26
10064,16651.86
12437,30005.7
9232,19785.75
12838,23585.95
7187,21860.08
15498,21172.7
15981,27504.42
4611,12923.43
16374,13109.03
1072,14701.66
19901,14039.59
8342,23935.35
15178,19195.46
2489,29988.26
17725,12703.85
14309,19714.3
52,43517.0
19996,19582.7
12150,31098.84
2933,31372.26
13457,31058.88
609,36201.88
14855,20416.88
1980,40005.83
8773,23618.98
16501,11307.2
9318,21622.57
16425,15861.76
19128,33794.58
9934,23944.23
107,23962.45
420,15184.68
3650,12635.76
14301,23991.92
1865,20617.95
16059,40574.26
89,12389.95
4195,15490.19
8303,12877.26
18238,32306.34
15251,57882.33
14549,10853.22
8872,14231.72
11392,18237.29
10595,27318.91
1543,43028.64
8067,29536.87
12901,26018.85
5254,25966.26
10306,21874.43
1958,106668.08
18943,59534.76
16738,24601.43
16980,45481.96
6538,9692.7
16050,25248.45
12736,18599.49
19478,18119.46
11446,13485.48
17978,29556.77
13830,22587.48
7207,81977.25
2170,18785.43
16005,30487.69
5973,10856.67
3128,34723.45
12959,11901.19
4413,58528.46
16351,13588.14
13954,10639.94
13733,21525.13
19542,11840.61
5786,15034.53
11344,14492.32
15640,12825.69
8245,34197.74
4374,23107.26
12569,14169.21
14592,21423.83
3386,11818.89
5066,17688.62
6595,33086.72
4564,26130.7
1644,12263.9
9861,32377.89
12889,12420.58
2752,44281.92
17272,12649.16
7923,29096.44
10059,20856.48
17438,13141.0
18406,13194.8
9164,36937.46
16542,10752.25
19450,12998.55
18240,19486.93
16407,13607.22
9243,26280.88
1323,17162.42
5392,25905.61
9979,10328.71
2007,12098.76
11959,30685.68
9527,28661.82
18383,13472.23
6875,16717.96
17249,39620.44
9667,23579.92
11511,10568.77
13878,43988.75
16114,24764.5
3771,11452.35
8850,14914.05
9593,22730.17
14615,12832.3
14162,14366.85
740,17485.34
14967,13406.57
5757,21929.88
17397,17559.06
16440,21490.27
6787,16742.11
4167,21439.95
10775,24623.76
15839,10721.82
5806,14282.06
11328,36165.54
13193,9916.86
13927,46926.33
2871,18679.31
4319,57636.98
7252,21217.83
10753,19286.78
4787,59574.78
1982,25104.47
12599,17646.44
4842,14189.03
5578,13365.61
10263,29643.42
19087,15961.0
3013,99284.87
730,40705.19
11894,14347.14
10544,12651.41
12004,19784.47
14481,11486.02
7095,55157.7298666657
2231,15323.49
8009,36813.75
7055,14990.27
2803,19814.54
9648,21539.82
17757,26099.48
1166,21161.1
3887,9856.63
18114,38572.63
14284,21877.86
10445,15425.84
3886,18486.52
11969,25649.6
10126,36871.39
18066,29004.5
3816,13095.28
12129,29007.03
1485,59289.5
5434,19345.68
4386,87002.77
18457,19528.06
8021,20281.52
8947,13063.22
1619,40624.11
15423,59439.59
5194,23119.13
8045,24531.47
8391,18435.84
448,12671.39
10081,20090.52
19538,12441.44
1400,21153.53
16598,14136.15
5277,58926.46
11675,25982.18
15262,12221.98
17053,15727.09
15102,39792.68
18491,35251.59
12269,18621.62
12275,124307.68
4361,9719.47
10099,21307.92
6056,44361.48
16170,17922.02
7709,10154.04
1690,10264.91
15317,14309.34
12891,98962.22
6976,25019.33
15321,22382.73
9810,26656.95
12225,39058.16
11931,13175.02
10381,9905.36
12962,124328.41
19599,33771.88
19377,32421.04
18851,19748.25
15272,18363.99
3941,19453.82
18522,21172.35
16032,56982.22
13453,10360.97
9947,59842.1
5544,45030.13
9187,43934.15
14300,20044.49
2322,20384.3
7580,20116.07
8844,24429.76
13619,35258.01
45,14095.96
14075,11743.9
9973,10105.73
3293,17474.55
8447,17626.9
14577,15539.5
10711,19025.78
11020,10960.47
6663,20162.81
5776,13196.93
2282,31709.8
18756,14639.45
10209,43511.56
3658,24425.28
19540,21268.44
3776,12304.67
4908,26255.9
3123,14292.27
16060,34960.59
18404,59403.19
3570,21216.46
8278,13128.02
5223,124350.6
2811,14035.07
1383,54624.058674666456
13285,81958.08
15533,19559.07
3680,12558.14
3973,86687.71
5524,17748.04
13072,12368.2
1784,15002.45
3696,22595.61
64,36177.9
3326,18871.05
14251,23080.89
3720,14136.08
15705,24876.95
3911,14555.83
5364,19117.01
1142,50267.34
1064,20765.44
12508,54621.76867466644
11724,13774.84
5469,33041.75
13597,81966.37
7456,26723.31
19477,39774.72
224,13664.12
2362,29558.16
6878,15022.07
6934,14609.12
6327,48949.26
10304,27704.49
17786,20303.8
16937,21889.3
14567,27406.41
11123,26709.0
15988,35222.03
155,10232.23
13424,48994.38
19537,12494.63
10105,24805.6
7331,32591.75
16626,17155.1
19655,20421.15
234,9662.18
10880,15920.91
10120,9998.19
14307,15244.63
9636,32931.85
1464,29073.89
1382,17053.31
1475,18182.28
4132,12309.38
2651,102960.76
17692,11128.47
6205,97517.61
17221,24694.17
5144,19272.5
2762,18235.12
2037,16125.09
14076,28701.09
19514,10351.21
241,10246.27
668,16566.96
8312,48304.71
4585,17909.14
747,124352.58
13215,10681.57
8920,30488.91
17219,13129.17
12144,27963.27
9171,36691.73
13877,11153.18
9061,59365.05
16934,17394.65
17317,124326.95
13243,12221.48
9192,18734.91
12935,10929.24
6214,49269.02
19791,14023.05
16218,26904.47
15683,14788.66
724,12618.31
19620,13315.25
15377,38457.38
16068,25256.73
2538,13647.19
7397,23644.86
19928,23023.33
18858,10782.14
8574,10663.21
19045,51426.97
6301,15722.97
18934,19116.75
12468,11622.05
19258,15006.57
9868,24111.94
12779,15950.12
12755,11758.06
4909,10064.12
5762,25018.95
6172,26847.33
19668,31342.81
5444,11867.85
18835,37476.92
6180,29319.7
8583,24610.55
19314,12846.02
17417,10668.3
3628,15818.93
1269,15860.18
8459,24765.87
6808,10080.65
13361,22017.26
18552,10624.42
13324,59863.34
9928,49363.38
19973,16610.36
11614,9930.08
5378,13449.16
5974,12594.21
7601,34515.96
15333,53430.175687999894
1355,14579.68
19678,16136.56
18925,13201.98
6852,60004.75
6372,16944.31
10455,49035.71
1889,21198.71
11848,15982.63
1945,16477.48
4529,40632.99
5756,15177.67
17605,26190.74
13099,14505.51
7073,26932.88
6769,14393.44
3550,23944.94
296,16515.47
16384,13965.26
2208,16473.12
8426,14914.27
13043,18016.77
9160,36739.21
8795,11631.56
18192,43883.92
16602,43804.9
4490,34157.8
6693,124332.19
14326,44158.14
632,20228.37
6800,20586.81
14049,18507.7
3890,22093.53
9385,20496.24
18635,19427.13
11178,30043.46
17085,34229.25
5260,59878.86
2792,18899.7
12488,32236.42
9,24244.84
1718,36117.74
9509,40251.04
13020,35866.54
12504,23784.91
12333,34528.65
3840,27354.37
19287,12347.88
3632,10198.12
19625,19924.49
1095,28289.21
8023,15547.66
2301,15628.76
1540,48319.49
13212,10930.11
15202,14188.27
14011,124331.58
973,10982.68
7316,30649.12
10024,13071.23
12809,10856.99
11546,15695.72
2717,9821.56
3611,13962.83
938,22610.74
8521,18787.16
14763,10597.78
9878,10766.12
1413,10579.02
7731,13401.84
6587,12879.47
14126,51576.65729866665
16338,15756.39
8785,25996.55
14604,13646.27
17036,25023.55
19259,38289.85
3949,10280.88
11423,19767.9
18015,59317.91
17819,11610.51
18738,16591.9
9380,26051.19
3047,59378.5
17796,14831.19
16838,28330.26
15726,17833.36
13516,16026.07
245,14805.77
2006,33779.97
370,12892.29
8366,13388.67
14031,44075.48
18436,29712.34
5258,32444.07
4863,14739.49
14085,11495.38
8276,59881.75
10884,26875.52
11385,10345.12
10148,20072.76
14645,14767.24
3173,95364.84
13059,16125.07
3730,11685.64
11717,17576.43
8047,13675.29
1986,16766.76
14377,10082.04
19788,26086.47
2734,13306.76
6502,15490.16
208,11687.06
11788,34630.01
14465,18364.73
10932,17849.38
2624,16623.98
18434,17633.16
12169,20229.17
1426,13561.04
5450,10270.63
5727,19222.09
1705,15002.85
17260,59732.53
19999,13152.26
12622,31350.29
12469,13547.11
17523,18431.67
12629,16295.21
9148,35574.85
11948,12171.81
8728,14726.02
1039,15272.71
14684,18641.35
13226,10792.45
10634,10081.69
17977,22029.14
3243,22042.86
11315,49191.19
9800,14468.56
12013,16973.5
11807,20589.6
10439,34594.38
3287,81968.51
11488,20495.16
15231,10604.82
4373,16190.95
5207,22970.91
7834,16942.89
3088,11279.7
14915,59447.54
15410,11430.2
9984,16052.18
11874,15088.23
10354,16133.89
8403,11349.56
13141,23819.25
11585,43485.1
16722,16123.6
3818,14367.4
15477,17638.29
766,16272.19
16242,59510.87
2824,36116.09
18353,14693.95
15206,12247.71
13030,22577.39
12879,17017.99
10997,14505.48
13807,124335.5
6692,22435.3
14950,14505.11
17940,10639.41
18713,11231.94
14799,22396.89
16752,13152.31
6842,121816.04
12830,29841.9
4123,15612.12
19394,17666.05
6276,43745.38
14269,20797.89
17220,9871.17
8885,11559.88
120,23941.0
19614,45245.02
12747,32560.39
16393,25929.63
17975,15822.78
7200,22046.94
16595,56826.65
9336,12789.05
13959,12033.79
17367,59972.85
14051,15345.75
3752,16788.85
6941,16225.23
6691,54624.05867466644
5749,30883.5
9629,59851.12
16475,14546.34
2008,21843.2
3702,124326.75
4435,25970.22
9827,17543.75
18639,12799.42
8330,59065.28
13528,43862.16
640,26219.57
15427,13495.73
13470,16124.77
2009,114381.72
5690,124349.21
11987,26698.01
7953,33106.96
6079,44077.43
6265,12723.57
2368,13948.51
16454,10587.73
5642,29732.74
10181,12820.27
11240,20162.49
9866,15726.35
16825,10986.69
13124,11077.81
5617,16233.34
10154,12392.66
634,13559.35
3003,13019.14
15044,9872.46
13034,10756.4
836,21172.59
9589,21850.89
9661,11743.31
4480,11316.72
18416,24821.83
12339,14111.4
6513,26283.82
2866,14612.01
11822,23018.53
7659,9822.3
12043,32418.53
3389,9916.91
13513,17485.88
12183,11849.83
3150,17138.38
13904,10896.56
19160,14805.47
5807,40628.57
15506,38281.6
3295,22408.44
19492,12006.91
8488,15459.0
7514,17640.93
4476,9657.84
11266,18269.87
12138,15169.85
5337,48881.02
9181,19552.52
13722,81980.36
5674,10917.75
11345,102707.92
12334,11950.14
1402,17445.72
4200,19551.98
7126,23998.15
15923,20331.33
8943,19737.48
13943,25268.79
4966,13383.27
19389,59018.62
12817,11887.72
3327,10538.63
7194,83555.05
19763,14554.58
6242,17329.2
7546,31489.2
17773,28345.22
5610,59296.28
9677,26872.55
8514,15522.48
13895,10333.11
5436,14570.87
17700,18224.96
15352,14493.33
1874,19345.04
3605,51898.9
19465,10763.47
8692,10122.32
8789,25239.23
878,10915.33
9155,12703.83
12684,14663.25
19252,59628.59
18453,24793.19
15886,23828.93
18452,124335.41
12754,29844.09
1938,48672.54
5410,23687.85
3024,16491.94
17595,36921.51
14797,15447.6
4385,15434.53
15267,36746.86
1049,16520.82
16086,49342.28
9330,20766.83
3692,13775.94
9432,23641.65
16420,25276.52
9238,25656.87
14482,59392.96
7021,12788.48
15700,20044.8
13590,17605.35
13104,14639.39
9333,120125.03
4709,13206.19
16234,35594.06
19230,11469.85
6762,29841.57
1609,11153.21
10205,11587.82
10331,22756.98
1074,40576.27
713,26116.73
19072,17818.88
1985,20415.37
11560,21211.3
13750,19119.22
17744,11562.36
16185,22987.76
19284,39808.62
3957,16651.89
19325,11934.69
726,11077.17
8998,49417.07
12987,19036.15
9612,19706.65
5026,15764.75
4204,33061.83
15885,28370.05
14289,16481.12
15583,11127.15
14625,16057.55
19541,11967.16
851,15491.22
12228,10821.05
2273,35172.49
7472,19792.46
4549,20711.44
15093,26172.56
3004,20116.67
6824,18317.82
13348,29574.36
13855,11687.34
13487,11017.16
18935,39034.18
14432,12106.65
12941,17504.26
5117,20860.93
17697,10975.42
14752,10514.75
17986,39757.43
5836,81974.0
17034,15834.96
4418,17055.45
8995,84434.83
8824,19277.44
15325,25971.18
19651,14491.17
14160,98275.48
11476,19440.32
305,14843.61
19071,19412.59
16561,10373.54
3819,10504.15
4084,48307.4
3274,17445.91
6937,17560.02
8631,22394.39
4707,10061.56
13400,11221.37
2691,26404.18
18726,12977.99
96,22421.01
1536,33061.09
18841,30517.6
6093,44222.01
13791,10140.0
3934,15675.72
18787,37914.33
4001,16642.11
17920,20425.98
965,25239.35
17326,10002.15
19091,20686.53
4494,39164.09
17229,124301.82
14426,22167.21
6657,37033.66
4145,48338.56
11371,18496.27
3811,33495.07
18505,15242.15
3585,13852.94
6650,43657.31
15925,17386.64
2760,12673.25
13751,13169.8
12909,10795.64
6005,11824.61
19629,28831.47
14638,16314.23
7350,13729.51
15598,18084.85
19713,21990.09
11845,12667.45
17238,49440.58
18871,27547.32
6228,14867.72
10975,27964.83
16918,11279.42
8281,11794.22
744,43236.11
16385,23978.07
2161,11387.34
9900,17435.67
4363,25245.01
8022,11662.81
15604,11018.12
8094,21837.61
11841,29010.15
3734,18680.33
17100,16609.95
6196,10670.11
10585,12782.63
19337,24088.48
13926,102734.2
13671,20843.28
17254,16932.56
591,9976.94
13568,16134.75
16084,34967.45
15405,14803.12
14480,20628.19
14895,14333.12
2218,14674.62
7196,32418.19
18580,19157.19
6034,18364.39
16186,13317.18
385,19504.34
3517,30667.86
8014,24584.57
14368,54612.608674666444
17309,12614.66
18587,28087.57
1224,25299.04
2865,10409.01
9884,91625.49
5956,21183.17
4558,59909.84
18395,59348.94
158,43738.51
18957,37763.07
870,12440.99
285,46553.29
9882,10432.39
2074,36822.49
3410,13914.55
17375,124306.96
9504,15135.26
11735,50068.88
5804,34191.01
1892,26268.56
10187,23127.41
8166,24929.14
14759,13189.66
19096,17351.64
19248,12344.36
946,19023.04
18181,15424.67
4273,10304.19
17346,17160.31
19011,21893.66
8437,59030.2
12458,20899.48
19161,19708.57
15531,25272.32
14225,22989.47
10418,23952.63
6382,27526.3
6509,36707.2
951,14741.75
15104,29552.02
5728,45198.83
10608,15490.62
3502,30602.31
16811,13188.24
5534,25252.93
6311,18018.39
11764,15298.15
19707,18395.43
13198,18071.72
8151,41427.07
13314,11016.83
14666,12998.13
14885,10196.48
4627,26428.61
8188,23991.0
18232,12085.31
163,29071.95
9651,19433.62
9111,15385.79
7148,29733.47
14721,15134.0
14068,15831.14
17022,17387.37
431,12086.89
912,30829.6
4004,31846.84
17425,81973.92
570,22652.22
6826,22706.77
6611,16449.42
320,50797.41
199,43314.49
13001,15618.85
18765,25679.76
13681,32230.37
6140,26400.1
1240,13869.81
11571,20787.43
95,21188.95
15865,10175.65
9175,14032.34
15500,10186.18
15475,19745.69
227,10924.97
16352,10857.58
9711,11021.18
1139,13285.47
18224,27494.26
12306,59896.53
1289,18224.5
19735,50800.6
11535,28701.49
16039,14033.25
19956,11686.71
3029,26433.22
15616,13353.57
13357,13128.16
12947,13405.56
18064,33616.17
15238,40628.26
4035,14109.78
10363,23926.35
10831,10942.02
8113,16908.63
7959,20864.07
7671,10663.86
19118,13866.83
15024,22974.34
9383,104598.8
4913,11490.01
2455,19924.17
10863,13438.39
1046,16932.35
1270,13867.13
15992,18783.93
7081,11291.4
6821,20762.15
13730,32916.54
19427,17246.18
16150,25905.1
11749,38443.82
11635,18899.11
8908,22445.57
6324,10791.45
538,15647.0
7908,13794.9
18674,11036.03
19381,24785.48
5598,13673.9
4924,16942.33
4154,17351.77
13570,13026.44
2203,14888.7
15095,60006.1
11974,16594.18
6036,20132.46
17416,18481.28
11158,16045.94
4426,48784.76
19816,12173.75
9506,18524.82
10927,13243.97
13046,19315.03
11811,11298.65
16016,16993.48
5537,10348.14
18898,13548.04
7311,10408.29
7138,21755.62
15984,15845.21
12054,27803.78
14239,22951.11
13501,59989.43
14836,20271.52
975,59602.51
8078,43389.28
3778,11045.98
16809,37166.52
5354,13169.51
14341,12782.71
10962,18893.08
14410,98254.53
10375,44558.18
3549,22199.96
4312,19886.02
5356,21291.58
6690,11692.93
17877,22992.62
12436,15291.26
19367,38957.34
7637,17255.98
5453,12619.42
11575,12727.38
2195,16449.67
13949,15095.67
16442,11819.47
17342,26204.56
2159,43922.6
15029,14229.41
618,30661.5
5126,23802.81
773,124296.44
10147,15423.6
1212,22402.14
7387,43398.95
4113,44313.37
14259,13448.86
7764,50105.01
16654,11874.83
15228,32924.36
19609,17712.55
2113,11696.33
17441,18158.11
10551,59401.97
17795,59417.86
12942,13438.78
149,21617.55
17680,106904.45
15402,12081.6
8723,15353.88
16532,14913.89
11859,20853.54
5390,20876.23
903,22744.87
8766,58644.9
3246,15725.74
16165,10538.41
5379,31603.06
6303,39042.4
6314,81909.09
19698,20152.13
15884,17348.03
6279,32312.86
12588,11125.91
8646,33795.95
16199,16278.48
3089,10432.0
12984,12363.03
7684,44070.01
3187,28382.94
5898,11887.08
9347,124314.2
14555,11641.34
9054,12305.89
12512,13894.87
14224,14245.2
18740,12519.42
18134,22043.55
12413,35328.64
